{
  "hash": "430f0331",
  "configHash": "706886eb",
  "lockfileHash": "a899149e",
  "browserHash": "33371265",
  "optimized": {
    "@angular/core": {
      "src": "../../../../../node_modules/@angular/core/fesm2022/core.mjs",
      "file": "@angular_core.js",
      "fileHash": "6169bbcc",
      "needsInterop": false
    },
    "@angular/platform-browser": {
      "src": "../../../../../node_modules/@angular/platform-browser/fesm2022/platform-browser.mjs",
      "file": "@angular_platform-browser.js",
      "fileHash": "9efb4265",
      "needsInterop": false
    },
    "@angular/router": {
      "src": "../../../../../node_modules/@angular/router/fesm2022/router.mjs",
      "file": "@angular_router.js",
      "fileHash": "81145328",
      "needsInterop": false
    }
  },
  "chunks": {
    "chunk-2P6HCSBA": {
      "file": "chunk-2P6HCSBA.js"
    },
    "chunk-ZDDPHS7B": {
      "file": "chunk-ZDDPHS7B.js"
    }
  }
}